Model,Accuracy,Precision,Recall,F1-Score
Random Forest,0.9534883720930233,0.9538906924045891,0.9534883720930233,0.9531150398295376
SVC,0.9279069767441861,0.927771792161327,0.9279069767441861,0.9273908901898491
Decision Tree,0.9465116279069767,0.9466651081476662,0.9465116279069767,0.9461287249795657
